Time (ms),Accel LX,Accel LY,Accel LZ,Mag LX,Mag LY,Mag LZ,Gyro LX,Gyro LY,Gyro LZ,Accel RX,Accel RY,Accel RZ,Mag RX,Mag RY,Mag RZ,Gyro RX,Gyro RY,Gyro RZ
5.733442000746436,0.0,0.0,0.0,0.0,0.0,0.0,0.0,0.0,0.0,0.8243273856999999,8.974281161299999,3.170489945,0.67467,-0.0012900000000000001,0.10449,-6.725931705179249,-9.36670212990927,9.436951632302042
25.05359499991755,0.0,0.0,0.0,0.0,0.0,0.0,0.0,0.0,0.0,0.8338986760999999,8.970691927399999,3.0927232104999995,0.67467,-0.0012900000000000001,0.10449,0.11270463644753384,0.16340645121796912,-0.17195856455274133
43.84354300054838,0.0,0.0,0.0,0.0,0.0,0.0,0.0,0.0,0.0,0.8578269021,9.0077806777,3.0652057506,0.6720900000000001,-0.00903,0.09417,-0.017409659288643436,-0.052228977865930316,0.015271630954950386
62.59989800037147,0.0,0.0,0.0,0.0,0.0,0.0,0.0,0.0,0.0,0.8410771438999999,9.0400837828,3.0831519200999997,0.6669299999999999,-0.00215,0.10062,-0.02657263786161367,-0.0671951762017817,0.008246680715673207
81.48583599995618,0.0,0.0,0.0,0.0,0.0,0.0,0.0,0.0,0.0,0.8123632726999999,9.0149591455,3.0963124444,0.66177,-0.0012900000000000001,0.09245,-0.026267205242514663,-0.07177666548826682,0.007635815477475193
100.34250300032,0.0,0.0,0.0,0.0,0.0,0.0,0.0,0.0,0.0,0.7238288365,9.0185483794,3.0640093392999996,0.66177,-0.0012900000000000001,0.09631999999999999,-0.02901609881440573,-0.05772676500971245,0.008552113334772215
119.14568000065628,0.0,0.0,0.0,0.0,0.0,0.0,0.0,0.0,0.0,0.7992027483999999,9.0424766054,3.3583265191,0.6720900000000001,0.0012900000000000001,0.09631999999999999,-0.025656340004316647,-0.04306599929296009,0.014355333097653362
137.9208380003547,0.0,0.0,0.0,0.0,0.0,0.0,0.0,0.0,0.0,0.8075776274999998,9.0041914438,3.0891339766,0.6652100000000001,-0.011609999999999999,0.09201999999999999,-0.020463985479633514,-0.0433714319120591,0.01832595714594046
156.62406800038298,0.0,0.0,0.0,0.0,0.0,0.0,0.0,0.0,0.0,0.8362914986999999,9.0149591455,3.0903303878999995,0.66091,-0.0030099999999999997,0.10234,-0.014966198335851376,-0.038484510006474966,0.015882496193148403
175.34292400068807,0.0,0.0,0.0,0.0,0.0,0.0,0.0,0.0,0.0,0.861416136,9.0843510009,3.0723842184,0.66091,-0.0030099999999999997,0.09933,-0.003054326190990077,-0.038179077387375956,0.0027488935718910697
194.05344599999808,0.0,0.0,0.0,0.0,0.0,0.0,0.0,0.0,0.0,0.8578269021,9.010173500299999,3.1058837348,0.67123,-0.0055899999999999995,0.09933,0.008246680715673207,-0.04948008429403925,-0.006108652381980154
212.78032200007146,0.0,0.0,0.0,0.0,0.0,0.0,0.0,0.0,0.0,0.8231309743999999,9.041280194099999,3.1118657912999996,0.66435,-0.00043,0.10621,-0.006414085001079162,-0.05406157358052436,-0.018020524526841455
231.59084400049323,0.0,0.0,0.0,0.0,0.0,0.0,0.0,0.0,0.0,0.8506484342999999,9.0664048314,3.1716863562999995,0.66865,-0.00473,0.11352,-0.007635815477475193,-0.06566801310628666,-0.038179077387375956
250.3861049999614,0.0,0.0,0.0,0.0,0.0,0.0,0.0,0.0,0.0,0.8039883936,9.0616191862,3.1860432918999995,0.66865,-0.00473,0.08901,-0.005192354524683131,-0.06261368691529658,-0.060475658581603524
269.1235020001841,0.0,0.0,0.0,0.0,0.0,0.0,0.0,0.0,0.0,0.7417750059999999,9.064012008799999,3.2004002274999994,0.66177,-0.00215,0.08901,-0.002138028333693054,-0.050701814770435276,-0.07696902001294993
287.89443999994546,0.0,0.0,0.0,0.0,0.0,0.0,0.0,0.0,0.0,0.7118647235,9.0783689444,3.1597222432999996,0.66435,0.0055899999999999995,0.11653,0.012522737383059314,-0.017409659288643436,-0.08857545953871222
306.6361080000206,0.0,0.0,0.0,0.0,0.0,0.0,0.0,0.0,0.0,0.7118647235,9.056833540999998,3.2063822839999996,0.67983,-0.00387,0.09287999999999999,0.03268129024359383,0.0119118721448613,-0.08827002691961322
325.3810570004134,0.0,0.0,0.0,0.0,0.0,0.0,0.0,0.0,0.0,0.7872386353999999,8.9862452743,3.1585258319999996,0.67983,-0.00387,0.09287999999999999,0.028099800957108706,0.041844268816564056,-0.0754418569174549
344.1157460001705,0.0,0.0,0.0,0.0,0.0,0.0,0.0,0.0,0.0,0.8530412569,8.9790668065,3.1238299042999995,0.66349,0.00215,0.08943999999999999,0.027488935718910694,0.05925392810520749,-0.0595593607243065
363.7414170007105,0.0,0.0,0.0,0.0,0.0,0.0,0.0,0.0,0.0,0.8985048862999999,8.956334991799999,3.0675985731999997,0.6669299999999999,0.0055899999999999995,0.09417,0.013744467859455347,0.06261368691529658,-0.04612032548395016
382.5831880003534,0.0,0.0,0.0,0.0,0.0,0.0,0.0,0.0,0.0,0.9714859755999999,8.908478539799999,3.0616165166999996,0.67467,-0.0012900000000000001,0.10148,-0.0015271630954950385,0.05772676500971245,-0.031459559767197796
401.4385529999345,0.0,0.0,0.0,0.0,0.0,0.0,0.0,0.0,0.0,0.9559326286999998,8.9204426528,2.9838497821999996,0.67467,0.011609999999999999,0.09717999999999999,-0.005192354524683131,0.04306599929296009,-0.025350907385217638
420.2997510001296,0.0,0.0,0.0,0.0,0.0,0.0,0.0,0.0,0.0,0.9882357337999998,8.933603177099998,2.9694928465999992,0.67467,0.011609999999999999,0.09717999999999999,-0.010079276430267254,0.04459316238845512,-0.010384709049366262
439.15745899994363,0.0,0.0,0.0,0.0,0.0,0.0,0.0,0.0,0.0,1.0707881135,8.9635134596,2.9419753867,0.6695099999999999,0.00215,0.10234,-0.02504547476611863,0.043676864531158106,0.0012217304763960308
457.85735700064834,0.0,0.0,0.0,0.0,0.0,0.0,0.0,0.0,0.0,1.0935199281999999,8.9682991048,2.9371897414999997,0.67123,0.00473,0.09631999999999999,-0.0433714319120591,0.004276056667386108,0.0003054326190990077
476.57366000021284,0.0,0.0,0.0,0.0,0.0,0.0,0.0,0.0,0.0,1.1102696864,8.9862452743,2.950350265799999,0.6695099999999999,0.01075,0.09976,-0.060170225962504514,-0.047952921198544204,-0.006414085001079162
495.28569300036906,0.0,0.0,0.0,0.0,0.0,0.0,0.0,0.0,0.0,1.0444670649,8.9635134596,2.9671000239999996,0.6695099999999999,0.01075,0.09976,-0.06872233929727674,-0.09376781406339536,-0.00946841119206924
514.0041840004415,0.0,0.0,0.0,0.0,0.0,0.0,0.0,0.0,0.0,0.9738787981999999,8.9934237421,3.0209385324999998,0.6660699999999999,0.00903,0.10793,-0.06933320453547476,-0.1304197283552763,-0.0018325957145940463
532.7324660001977,0.0,0.0,0.0,0.0,0.0,0.0,0.0,0.0,0.0,0.9631110964999998,9.019744790699999,3.0484559924,0.66865,0.009890000000000001,0.10019,-0.0671951762017817,-0.17043140145724628,-0.0009162978572970231
551.525748000131,0.0,0.0,0.0,0.0,0.0,0.0,0.0,0.0,0.0,0.9403792817999999,9.006584266399999,3.0496524037,0.66865,0.011609999999999999,0.10707,-0.0595593607243065,-0.1792889474111175,0.005192354524683131
570.2571560004799,0.0,0.0,0.0,0.0,0.0,0.0,0.0,0.0,0.0,0.9547362173999999,9.0257268472,3.0939196217999996,0.66865,0.011609999999999999,0.10707,-0.05406157358052436,-0.1942551457469689,0.0036651914291880926
589.0245000000505,0.0,0.0,0.0,0.0,0.0,0.0,0.0,0.0,0.0,0.9367900479,9.0233340246,3.1334011946999993,0.67725,0.00817,0.10148,-0.04612032548395016,-0.20952677670191927,0.0009162978572970231
607.8010119999817,0.0,0.0,0.0,0.0,0.0,0.0,0.0,0.0,0.0,0.9056833541,8.9982093873,3.1106693799999996,0.66779,0.00215,0.09717999999999999,-0.03512475119638588,-0.22266037932317662,-0.0024434609527920616
626.5774710000187,0.0,0.0,0.0,0.0,0.0,0.0,0.0,0.0,0.0,0.8638089586000001,9.0424766054,3.1226334930000004,0.67123,0.009890000000000001,0.10793,-0.0357356164345839,-0.21288653551200837,-0.0033597588100890844
645.3110660004313,0.0,0.0,0.0,0.0,0.0,0.0,0.0,0.0,0.0,0.8374879099999999,9.140582332,3.1202406704,0.67123,0.009890000000000001,0.10793,-0.011606439525762293,-0.19547687622336493,-0.012217304763960308
664.0497650005273,0.0,0.0,0.0,0.0,0.0,0.0,0.0,0.0,0.0,0.8219345630999999,9.092725879999998,3.1190442590999994,0.67123,0.00903,0.08901,-0.002138028333693054,-0.1631010185988701,-0.020158552860534508
682.7702350001346,0.0,0.0,0.0,0.0,0.0,0.0,0.0,0.0,0.0,0.8159525066,9.0388873715,3.1118657912999996,0.66177,0.00903,0.09459999999999999,0.0003054326190990077,-0.13591751549905842,-0.029932396671702752
701.5498710006796,0.0,0.0,0.0,0.0,0.0,0.0,0.0,0.0,0.0,0.8159525066,9.0364945489,3.1154550251999997,0.66865,-0.00473,0.09761,-0.0054977871437821395,-0.118813288829514,-0.03604104905368291
720.3324760002943,0.0,0.0,0.0,0.0,0.0,0.0,0.0,0.0,0.0,0.8111668613999999,9.072386887899999,3.1561330094,0.66865,-0.00473,0.09761,0.0015271630954950385,-0.09376781406339536,-0.03695734691097993
739.1790910005511,0.0,0.0,0.0,0.0,0.0,0.0,0.0,0.0,0.0,0.8422735552,9.0771725331,3.1357940173,0.67725,0.0055899999999999995,0.07869,0.002138028333693054,-0.07208209810736582,-0.04489859500755413
758.0250810005964,0.0,0.0,0.0,0.0,0.0,0.0,0.0,0.0,0.0,0.8099704500999999,9.041280194099999,3.1166514364999998,0.66779,-0.00387,0.10148,0.012828170002158324,-0.04581489286485116,-0.04306599929296009
776.7393530002664,0.0,0.0,0.0,0.0,0.0,0.0,0.0,0.0,0.0,0.8362914986999999,9.001798621199999,3.0903303878999995,0.6669299999999999,0.01247,0.08857999999999999,0.014966198335851376,-0.011606439525762293,-0.03787364476827696
795.5005520007035,0.0,0.0,0.0,0.0,0.0,0.0,0.0,0.0,0.0,0.8458627891,8.9982093873,3.0400811133,0.6669299999999999,0.01247,0.08857999999999999,0.013439035240356337,-0.002138028333693054,-0.03420845333908886
814.2621150000195,0.0,0.0,0.0,0.0,0.0,0.0,0.0,0.0,0.0,0.8482556117,9.005387855099999,3.0329026454999997,0.6652100000000001,0.01333,0.09589,0.0036651914291880926,-0.02229658119422756,-0.03695734691097993
833.0486790000577,0.0,0.0,0.0,0.0,0.0,0.0,0.0,0.0,0.0,0.9391828704999999,9.0293160811,3.0209385324999998,0.6720900000000001,0.01419,0.09933,-0.012217304763960308,-0.04245513405476207,-0.031154127148098783
851.8357110006036,0.0,0.0,0.0,0.0,0.0,0.0,0.0,0.0,0.0,0.9631110964999998,8.987441685599999,3.0029923629999997,0.6695099999999999,0.0030099999999999997,0.08557,-0.01466076571675237,-0.05833763024791047,-0.028405233576207715
870.6038890004493,0.0,0.0,0.0,0.0,0.0,0.0,0.0,0.0,0.0,0.9822536772999998,8.995816564699998,3.0376882907,0.6695099999999999,0.0030099999999999997,0.08557,-0.026267205242514663,-0.07483099167925689,-0.024434609527920616
889.4328480000695,0.0,0.0,0.0,0.0,0.0,0.0,0.0,0.0,0.0,0.9846464998999999,8.983852451699999,3.0664021618999993,0.66091,-0.0030099999999999997,0.10062,-0.030237829290801762,-0.09743300549258345,-0.028099800957108706
908.2523269999001,0.0,0.0,0.0,0.0,0.0,0.0,0.0,0.0,0.0,0.9487541609,9.005387855099999,3.0795626862,0.66435,0.00387,0.10578,-0.02351831167062359,-0.10537425358915765,-0.016798794050445424
926.8990999999005,0.0,0.0,0.0,0.0,0.0,0.0,0.0,0.0,0.0,0.8781658942,9.0400837828,3.0580272828,0.66177,0.01419,0.09245,-0.020769418098732523,-0.10415252311276162,-0.012522737383059314
945.5551430000924,0.0,0.0,0.0,0.0,0.0,0.0,0.0,0.0,0.0,0.8865407732999999,9.020941202,3.0424739358999995,0.66177,0.01419,0.09245,-0.02260201381332657,-0.10873401239924674,-0.0009162978572970231
964.1901459999644,0.0,0.0,0.0,0.0,0.0,0.0,0.0,0.0,0.0,0.9152546444999999,9.0221376133,3.0352954680999997,0.6626299999999999,0.01075,0.09803999999999999,-0.025961772623415653,-0.0952949771588904,0.006108652381980154
982.8154080005334,0.0,0.0,0.0,0.0,0.0,0.0,0.0,0.0,0.0,0.9439685157,9.006584266399999,3.0544380489,0.66779,0.01075,0.09417,-0.0357356164345839,-0.07238753072646481,0.0003054326190990077
1001.6766580001786,0.0,0.0,0.0,0.0,0.0,0.0,0.0,0.0,0.0,0.9690931529999999,9.010173500299999,3.0544380489,0.66865,0.021929999999999998,0.07912000000000001,-0.04092797095926703,-0.07452555906015788,-0.007941248096574201
1020.3723370004809,0.0,0.0,0.0,0.0,0.0,0.0,0.0,0.0,0.0,0.9260223461999999,9.0556371297,3.0556344601999994,0.66865,0.021929999999999998,0.07912000000000001,-0.03451388595818787,-0.07635815477475191,-0.013439035240356337
1039.1016090006815,0.0,0.0,0.0,0.0,0.0,0.0,0.0,0.0,0.0,0.8889335959,9.046065839299999,3.0245277664,0.66865,0.00903,0.08943999999999999,-0.03726277953007894,-0.06597344572538566,-0.019242255003237483
1057.7765590005583,0.0,0.0,0.0,0.0,0.0,0.0,0.0,0.0,0.0,0.9068797653999999,9.0305124924,3.0317062341999996,0.6660699999999999,0.00645,0.08342000000000001,-0.03634648167278191,-0.0671951762017817,-0.01893682238413848
1076.484060000439,0.0,0.0,0.0,0.0,0.0,0.0,0.0,0.0,0.0,1.2191431146999998,9.019744790699999,3.0305098229,0.6591899999999999,0.01505,0.08084000000000001,-0.03451388595818787,-0.07422012644105887,-0.02107485071783153
1095.077083000433,0.0,0.0,0.0,0.0,0.0,0.0,0.0,0.0,0.0,0.9140582331999999,9.0400837828,3.0927232104999995,0.6591899999999999,0.01505,0.08084000000000001,-0.04428772976935611,-0.0751364242983559,-0.017409659288643436
1113.6126589999549,0.0,0.0,0.0,0.0,0.0,0.0,0.0,0.0,0.0,0.9296115801,9.010173500299999,3.0903303878999995,0.67123,0.01505,0.09245,-0.04123340357836604,-0.06994406977367276,-0.02351831167062359
1132.2885980007413,0.0,0.0,0.0,0.0,0.0,0.0,0.0,0.0,0.0,1.2143574695,9.031708903699998,3.1250263156,0.6626299999999999,0.0055899999999999995,0.08385,-0.03359758810089085,-0.07391469382195986,-0.02657263786161367
1150.9145899999567,0.0,0.0,0.0,0.0,0.0,0.0,0.0,0.0,0.0,0.8638089586000001,9.0233340246,3.0855447426999993,0.6626299999999999,0.0055899999999999995,0.08299,-0.025350907385217638,-0.07574728953655392,-0.025656340004316647
1169.535216999975,0.0,0.0,0.0,0.0,0.0,0.0,0.0,0.0,0.0,0.8267202082999998,9.028119669799999,3.1034909122000003,0.66435,0.0055899999999999995,0.08299,-0.025350907385217638,-0.07391469382195986,-0.023212879051524585
1188.1269380000958,0.0,0.0,0.0,0.0,0.0,0.0,0.0,0.0,0.0,0.8303094421999999,9.0424766054,3.1286155494999996,0.67123,0.01419,0.08901,-0.024740042147019626,-0.07391469382195986,-0.017409659288643436
1206.7192840004282,0.0,0.0,0.0,0.0,0.0,0.0,0.0,0.0,0.0,0.8554340794999999,9.0221376133,3.1334011946999993,0.67295,0.009890000000000001,0.08815,-0.029932396671702752,-0.07452555906015788,-0.0119118721448613
1225.240173000202,0.0,0.0,0.0,0.0,0.0,0.0,0.0,0.0,0.0,0.8147560952999998,9.0161555568,3.134597606,0.67295,0.009890000000000001,0.08815,-0.02107485071783153,-0.06505714786808864,-0.00916297857297023
1243.7599150007372,0.0,0.0,0.0,0.0,0.0,0.0,0.0,0.0,0.0,0.7836494015,9.0293160811,3.1250263156,0.6652100000000001,0.01591,0.09761,-0.019547687622336492,-0.05772676500971245,-0.004581489286485115
1262.281637000342,0.0,0.0,0.0,0.0,0.0,0.0,0.0,0.0,0.0,0.8183453291999999,9.0293160811,3.1286155494999996,0.6652100000000001,0.01419,0.09847,-0.006719517620178169,-0.047952921198544204,0.0
1280.9208060007222,0.0,0.0,0.0,0.0,0.0,0.0,0.0,0.0,0.0,0.7980063371,9.0245304359,3.1357940173,0.6695099999999999,0.01333,0.09459999999999999,-0.0054977871437821395,-0.0238237442897226,0.004886921905584123
1299.5083080004406,0.0,0.0,0.0,0.0,0.0,0.0,0.0,0.0,0.0,0.8171489178999999,9.032905314999999,3.0975088557,0.6695099999999999,0.01333,0.09459999999999999,-0.004276056667386108,-0.009773843811168246,0.008552113334772215
1318.0742479999026,0.0,0.0,0.0,0.0,0.0,0.0,0.0,0.0,0.0,0.849452023,9.028119669799999,3.1094729686999996,0.66177,0.01505,0.08642999999999999,-0.003970624048287101,-0.0015271630954950385,0.014049900478554353
1336.685344000216,0.0,0.0,0.0,0.0,0.0,0.0,0.0,0.0,0.0,0.8638089586000001,9.028119669799999,3.0975088557,0.6600499999999999,0.01075,0.08514000000000001,-0.013439035240356337,0.014355333097653362,0.010079276430267254
1355.2478470001006,0.0,0.0,0.0,0.0,0.0,0.0,0.0,0.0,0.0,0.8566304908,9.0149591455,3.1262227269,0.66435,0.01333,0.09373999999999999,-0.008246680715673207,0.020769418098732523,0.006414085001079162
1373.7980060004702,0.0,0.0,0.0,0.0,0.0,0.0,0.0,0.0,0.0,0.8554340794999999,9.0652084201,3.1250263156,0.66435,0.01333,0.09373999999999999,-0.07757988525114795,0.03512475119638588,0.0
1392.3248320006678,0.0,0.0,0.0,0.0,0.0,0.0,0.0,0.0,0.0,0.8901300072,9.1130648721,3.1393832511999995,0.66435,0.01419,0.08987,0.00916297857297023,0.05406157358052436,-0.003054326190990077
1410.9356150001986,0.0,0.0,0.0,0.0,0.0,0.0,0.0,0.0,0.0,0.9523433947999999,9.1130648721,3.1417760737999996,0.6660699999999999,0.01591,0.08514000000000001,0.026878070480712675,0.07483099167925689,-0.015577063574049392
1429.5520760006184,0.0,0.0,0.0,0.0,0.0,0.0,0.0,0.0,0.0,1.0181460163,9.104689993,3.1082765574,0.66865,0.00817,0.08728999999999999,0.030237829290801762,0.08827002691961322,-0.03207042500539581
1448.284837000756,0.0,0.0,0.0,0.0,0.0,0.0,0.0,0.0,0.0,1.1868400096,9.152546444999999,3.1740791789,0.66865,0.00817,0.08728999999999999,0.01832595714594046,0.0678060414399797,-0.05558873667601941
1466.8435900002805,0.0,0.0,0.0,0.0,0.0,0.0,0.0,0.0,0.0,1.2669995667,9.144171565899999,3.2877382523999996,0.6652100000000001,0.01763,0.08642999999999999,-0.003970624048287101,-0.02901609881440573,-0.07819075048934597
1485.3705720006474,0.0,0.0,0.0,0.0,0.0,0.0,0.0,0.0,0.0,0.8506484342999999,9.0831545896,3.1214370817,0.6695099999999999,0.01763,0.10191,-0.0012217304763960308,-0.011606439525762293,-0.08063421144213803
1503.9942720004547,0.0,0.0,0.0,0.0,0.0,0.0,0.0,0.0,0.0,0.8219345630999999,8.8809610799,3.2099715178999992,0.6695099999999999,0.021070000000000002,0.09503,-0.015577063574049392,0.05314527572322734,-0.0754418569174549
1522.5696910001716,0.0,0.0,0.0,0.0,0.0,0.0,0.0,0.0,0.0,0.7884350467,9.050851484499999,3.0855447426999993,0.6695099999999999,0.021070000000000002,0.09503,-0.019547687622336492,0.0711658002500688,-0.020463985479633514
1541.1502670003756,0.0,0.0,0.0,0.0,0.0,0.0,0.0,0.0,0.0,0.8506484342999999,9.4348995118,3.6729826909999996,0.66779,0.020210000000000002,0.09589,0.0357356164345839,0.014966198335851376,0.07819075048934597
1561.0206230003314,0.0,0.0,0.0,0.0,0.0,0.0,0.0,0.0,0.0,0.9427721043999999,9.322436849599999,4.286741687899999,0.67725,0.01677,0.08299,0.18081611050661256,-0.22663100337146372,0.2583959957577605
1579.7287490004237,0.0,0.0,0.0,0.0,0.0,0.0,0.0,0.0,0.0,0.39122649509999996,9.558129875699999,4.8598227006,0.67123,0.01075,0.086,0.3042108886226117,-0.7461718884588758,0.4505131131710364
1598.2693250007287,0.0,0.0,0.0,0.0,0.0,0.0,0.0,0.0,0.0,0.7082754896000001,9.3643112451,5.1996035098,0.67123,0.01075,0.086,0.42638393626221477,-1.4330898488125443,0.5445863598535308
1616.7767760007337,0.0,0.0,0.0,0.0,0.0,0.0,0.0,0.0,0.0,0.2141576227,9.104689993,5.070391089399999,0.66177,0.01677,0.08557,0.3756821214917795,-2.0460931153442528,0.5421428989007386
1635.290477000126,0.0,0.0,0.0,0.0,0.0,0.0,0.0,0.0,0.0,-0.1052841944,9.188438783999999,5.040480806899999,0.66435,0.01247,0.06966,0.3491094836301658,-2.390010244449735,0.5736024586679365
1653.8069910002378,0.0,0.0,0.0,0.0,0.0,0.0,0.0,0.0,0.0,-0.45702911659999995,8.934799588399999,4.7820559661,0.6600499999999999,0.00817,0.040850000000000004,0.34391712910548267,-2.7324002104597227,0.5213734808020062
1672.316160000264,0.0,0.0,0.0,0.0,0.0,0.0,0.0,0.0,0.0,-0.7621139981,8.9276211206,4.6600220135,0.6600499999999999,0.00817,0.040850000000000004,0.39125918506582885,-2.71163079236099,0.6038402879587382
1690.8697570006552,0.0,0.0,0.0,0.0,0.0,0.0,0.0,0.0,0.0,-1.8005990065,8.890532370299999,4.1240297511,0.64371,-0.011609999999999999,0.01763,0.4013384614960961,-2.74553381308098,0.6469062872516983
1709.4212700003482,0.0,0.0,0.0,0.0,0.0,0.0,0.0,0.0,0.0,-2.2432711875,8.817551280999998,3.7794632966999995,0.62909,-0.011609999999999999,0.00172,0.43463061697788796,-2.4715607537491704,0.8182539865662417
1727.9608040007588,0.0,0.0,0.0,0.0,0.0,0.0,0.0,0.0,0.0,-2.6333012712999997,8.709874264,3.1800612353999997,0.6256499999999999,-0.019350000000000003,-0.020640000000000002,0.4089742769735713,-1.937359102945006,0.9761626506404286
1746.5237750002416,0.0,0.0,0.0,0.0,0.0,0.0,0.0,0.0,0.0,-2.87138712,8.6871424493,2.8486553052999994,0.6256499999999999,-0.019350000000000003,-0.020640000000000002,0.4309654255486999,-1.0619892166072498,1.1976012994872092
1765.0407060000362,0.0,0.0,0.0,0.0,0.0,0.0,0.0,0.0,0.0,-3.3810583337999995,8.6967137397,2.5435704238,0.61275,-0.01849,-0.02709,0.4993823322268776,0.44776421959914525,1.587944186695741
1783.5376359998918,0.0,0.0,0.0,0.0,0.0,0.0,0.0,0.0,0.0,-2.2660030021999997,8.427521197199999,2.3724836078999996,0.60845,-0.02881,-0.03225,0.45295657412382845,1.8167132184008976,1.7128661279072352
1802.0502429999397,0.0,0.0,0.0,0.0,0.0,0.0,0.0,0.0,0.0,-1.3495519463999999,8.160721477300001,2.4705893344999996,0.6093099999999999,-0.02967,-0.0129,0.3824016391119577,1.9413297269932928,1.1612548178144273
1820.6189430002269,0.0,0.0,0.0,0.0,0.0,0.0,0.0,0.0,0.0,-0.010767701699999998,7.714460062399999,2.8677978860999995,0.6093099999999999,-0.02967,-0.0129,0.2629774850442456,0.7761042851305785,0.2214386488467806
1839.173946000301,0.0,0.0,0.0,0.0,0.0,0.0,0.0,0.0,0.0,-0.7812565789,7.951349499799999,3.2315069213,0.61791,-0.042570000000000004,-0.011609999999999999,0.043982297150257116,-0.013744467859455347,-0.18478673455489963
1857.712282000648,0.0,0.0,0.0,0.0,0.0,0.0,0.0,0.0,0.0,-1.3782658175999998,8.099704500999998,2.7421746995999996,0.61275,-0.040850000000000004,-0.00344,-0.23121249265794883,-0.21105393979741432,-0.21197023765471135
1876.4098360006756,0.0,0.0,0.0,0.0,0.0,0.0,0.0,0.0,0.0,-1.8448662245999998,8.431110431099999,2.8438696600999998,0.61275,-0.040850000000000004,-0.00473,-0.4682282050787788,-0.04581489286485116,-0.20830504622552323
1894.9436930006414,0.0,0.0,0.0,0.0,0.0,0.0,0.0,0.0,0.0,-1.7682959014,8.663214223299999,2.7326034091999993,0.61275,-0.044289999999999996,-0.00473,-0.3921754829231259,0.11301006906663284,-0.25656340004316647
1913.4736960004375,0.0,0.0,0.0,0.0,0.0,0.0,0.0,0.0,0.0,-1.5002997702,8.812765635799998,2.6512474407999997,0.6144700000000001,-0.039130000000000005,-0.00387,-0.31062497362369085,0.16523904693256317,-0.3445279943436807
1931.985991000147,0.0,0.0,0.0,0.0,0.0,0.0,0.0,0.0,0.0,-1.5038890041,8.995816564699998,2.6213371583000002,0.6213500000000001,-0.044289999999999996,-0.00473,-0.2058615852727312,0.1267545369260882,-0.3943135112568189
1950.588649000565,0.0,0.0,0.0,0.0,0.0,0.0,0.0,0.0,0.0,-1.5684952143,9.0879402348,2.4753749797,0.6213500000000001,-0.044289999999999996,-0.00473,-0.14355333097653364,0.1075122819228507,-0.3640756819660172
1969.1721409999445,0.0,0.0,0.0,0.0,0.0,0.0,0.0,0.0,0.0,-1.5804593272999998,9.2398844699,2.7050859492999995,0.61705,-0.03655,-0.00688,-0.15882496193148402,0.17592918860102846,-0.2587014283768595
1987.7007380000578,0.0,0.0,0.0,0.0,0.0,0.0,0.0,0.0,0.0,-1.5864413838,9.046065839299999,2.7493531674,0.62393,-0.03483,-0.0086,-0.2553416695667704,0.32772920029323527,-0.05864306286700948
2006.2681879999218,0.0,0.0,0.0,0.0,0.0,0.0,0.0,0.0,0.0,-1.3674981158999997,8.7469630143,2.7469603447999997,0.62995,-0.03827,0.0025800000000000003,-0.435241482216086,0.48624872960562027,0.1469130897866227
2024.8366810001244,0.0,0.0,0.0,0.0,0.0,0.0,0.0,0.0,0.0,-1.2741780345,8.745766602999998,3.3332018817999995,0.62995,-0.03827,0.0025800000000000003,-0.7574728953655391,0.7984008663248061,0.4670064746023828
2043.3964230005586,0.0,0.0,0.0,0.0,0.0,0.0,0.0,0.0,0.0,-1.1174481541999999,8.629714706899998,4.2544385828,0.6161899999999999,-0.042570000000000004,0.011179999999999999,-1.2345586463981892,1.3686435661826535,0.8759807515759541
2061.9754879999164,0.0,0.0,0.0,0.0,0.0,0.0,0.0,0.0,0.0,-0.2895315346,8.6105721261,5.0297131052,0.62737,-0.045149999999999996,0.023649999999999997,-1.6765196462344532,1.8866572881745707,1.1175779532832693
2080.6485620005333,0.0,0.0,0.0,0.0,0.0,0.0,0.0,0.0,0.0,0.6412764567999999,9.248259348999998,5.0129633469999995,0.62651,-0.06492999999999999,0.049019999999999994,-1.6151276897955527,1.7324138155295716,0.9379835732530527
2099.290127000131,0.0,0.0,0.0,0.0,0.0,0.0,0.0,0.0,0.0,0.8063812161999999,9.4983093107,4.7952164904,0.62651,-0.06492999999999999,0.049019999999999994,-1.1227703078079525,1.11421819447318,0.4874704600820163
2117.936379000639,0.0,0.0,0.0,0.0,0.0,0.0,0.0,0.0,0.0,0.6340979889999999,9.773483909699998,4.8981078622,0.6256499999999999,-0.07009,0.06837,-0.5326744877086694,0.5210680481829072,0.158519529312385
2136.4936730005866,0.0,0.0,0.0,0.0,0.0,0.0,0.0,0.0,0.0,0.179461695,9.367900479,4.7246282237,0.62737,-0.07611,0.06923,0.02138028333693054,0.14477506145292962,-0.02932153143350474
2155.054353000196,0.0,0.0,0.0,0.0,0.0,0.0,0.0,0.0,0.0,-0.2009970984,9.2554378168,4.0737804765,0.63081,-0.06665,0.06923,0.4297436950723038,-0.1475239550248207,-0.2098322093210183
2173.6390430005486,0.0,0.0,0.0,0.0,0.0,0.0,0.0,0.0,0.0,-0.5862415369999999,9.142975154599998,3.4624143021999996,0.63081,-0.06665,0.06923,0.6514877765381833,-0.3582724622031361,-0.36590827768061124
2192.149411000173,0.0,0.0,0.0,0.0,0.0,0.0,0.0,0.0,0.0,-0.8458627891,8.97308475,3.142972485099999,0.62049,-0.06923,0.06708,0.7275404986938363,-0.5088507434189468,-0.4960225734167885
2210.697278000225,0.0,0.0,0.0,0.0,0.0,0.0,0.0,0.0,0.0,-1.1030912186,8.867800555599999,2.7852455064000003,0.6256499999999999,-0.06406999999999999,0.06923,0.7046330522614107,-0.5989533660531541,-0.5833763024791048
2229.3355609999708,0.0,0.0,0.0,0.0,0.0,0.0,0.0,0.0,0.0,-1.3567304141999996,8.763712772499998,2.6093730453,0.6256499999999999,-0.05547,0.042140000000000004,0.5958990398621641,-0.5845980329555007,-0.5958990398621641
2248.0759790005322,0.0,0.0,0.0,0.0,0.0,0.0,0.0,0.0,0.0,-1.4536397294999999,8.7445701917,2.5016960282999996,0.6256499999999999,-0.05547,0.042140000000000004,0.40836341173537327,-0.5342016508041645,-0.5748241891443325
2266.6678040004626,0.0,0.0,0.0,0.0,0.0,0.0,0.0,0.0,0.0,-1.4991033588999996,8.719445554399998,2.6033909887999998,0.6256499999999999,-0.05633,0.045579999999999996,0.18234327360210761,-0.4911356515112044,-0.5109887717526399
2285.284109000713,0.0,0.0,0.0,0.0,0.0,0.0,0.0,0.0,0.0,-1.43569356,8.7266240222,2.7302105865999997,0.6230699999999999,-0.05461,0.03225,-0.05192354524683131,-0.4966334386549865,-0.43799037578797706
2303.7889550005275,0.0,0.0,0.0,0.0,0.0,0.0,0.0,0.0,0.0,-1.4787643668,8.7780697081,2.9204399833,0.62995,-0.045149999999999996,0.042140000000000004,-0.31215213671918585,-0.5314527572322734,-0.3543018381548489
2322.3754680002457,0.0,0.0,0.0,0.0,0.0,0.0,0.0,0.0,0.0,-1.4991033588999996,8.829515394,3.1238299042999995,0.62995,-0.045149999999999996,0.042140000000000004,-0.3445279943436807,-0.5797111110499166,-0.2944370448114434
2341.0539070000596,0.0,0.0,0.0,0.0,0.0,0.0,0.0,0.0,0.0,-1.4596217859999998,8.9718883387,3.361915753,0.62479,-0.045149999999999996,0.03483,-0.36957346910979927,-0.6377433086787281,-0.2684752721880278
2359.7494820005522,0.0,0.0,0.0,0.0,0.0,0.0,0.0,0.0,0.0,-1.8364913454999998,9.020941202,3.5174492219999998,0.62909,-0.043429999999999996,0.040420000000000005,-0.33811390934260155,-0.6420193653461141,-0.24923301718479027
2378.3166720004374,0.0,0.0,0.0,0.0,0.0,0.0,0.0,0.0,0.0,-1.6091731985,9.0664048314,3.6275190615999997,0.62737,-0.039990000000000005,0.03526,-0.2675589743307307,-0.5778785153353226,-0.24862215194659226
2396.8436539998947,0.0,0.0,0.0,0.0,0.0,0.0,0.0,0.0,0.0,-1.8113667082,9.080761767,3.6239298277,0.62737,-0.039990000000000005,0.03526,-0.1826487062212066,-0.44532075864635323,-0.2452623931365032
2415.3417820007235,0.0,0.0,0.0,0.0,0.0,0.0,0.0,0.0,0.0,-1.9920248145,9.223134711699998,3.5473595044999997,0.63081,-0.046009999999999995,0.02795,-0.061697389057999555,-0.1905899543177808,-0.19211711741327583
2433.8709520006887,0.0,0.0,0.0,0.0,0.0,0.0,0.0,0.0,0.0,-2.1032910653999997,9.1142612834,3.4205399066999997,0.63167,-0.03483,0.020210000000000002,0.060475658581603524,0.08032877882303902,-0.1298088631170783
2452.40376700076,0.0,0.0,0.0,0.0,0.0,0.0,0.0,0.0,0.0,-1.8807585635999997,9.111868460799998,3.314059301,0.6230699999999999,-0.03655,0.03268,0.14538592669112765,0.2632829176633446,-0.07055493501187078
2471.0413729999345,0.0,0.0,0.0,0.0,0.0,0.0,0.0,0.0,0.0,-1.6043875532999998,9.111868460799998,3.1250263156,0.6230699999999999,-0.03655,0.03268,0.14599679192932566,0.3631593841087201,-0.006108652381980154
2489.654343999973,0.0,0.0,0.0,0.0,0.0,0.0,0.0,0.0,0.0,-1.4297115034999999,9.151350033699998,3.0652057506,0.6394099999999999,-0.03741,0.02494,0.1316414588316723,0.39461894387591795,0.0632245521534946
2508.2238780005355,0.0,0.0,0.0,0.0,0.0,0.0,0.0,0.0,0.0,-1.3483555351,9.0388873715,3.046063169799999,0.6419900000000001,-0.03741,0.01505,0.11026117549474178,0.43065999292960083,0.10842857978014774
2526.835182000468,0.0,0.0,0.0,0.0,0.0,0.0,0.0,0.0,0.0,-1.2167502921,8.9204426528,3.0448667584999995,0.6419900000000001,-0.03741,0.0301,0.08521570072862314,0.48411070127192724,0.13530665026086042
2545.3634149998834,0.0,0.0,0.0,0.0,0.0,0.0,0.0,0.0,0.0,-1.0061819033,8.836693861799999,3.0484559924,0.63081,-0.03827,0.0301,0.07299839596466283,0.4679227724596798,0.13255775668896935
2564.0147710000747,0.0,0.0,0.0,0.0,0.0,0.0,0.0,0.0,0.0,-0.8255237969999999,8.9096749511,3.1058837348,0.62909,-0.03741,0.042140000000000004,0.06261368691529658,0.4019493267342941,0.11759155835311796
2582.5596170006975,0.0,0.0,0.0,0.0,0.0,0.0,0.0,0.0,0.0,-0.7274180704000001,8.9826560404,3.1884361144999995,0.6325299999999999,-0.039990000000000005,0.03526,0.040622538340168025,0.3011565624316216,0.09407324668249437
2601.1568590001843,0.0,0.0,0.0,0.0,0.0,0.0,0.0,0.0,0.0,-0.6975077879,8.9790668065,3.2590243811999993,0.6325299999999999,-0.039990000000000005,0.03526,0.00946841119206924,0.21532999646480042,0.06352998477259361
2619.799413000692,0.0,0.0,0.0,0.0,0.0,0.0,0.0,0.0,0.0,-0.7477570625,8.933603177099998,3.2877382523999996,0.63339,-0.03741,0.03569,-0.011606439525762293,0.1310305935934743,0.029626964052603746
2638.301760000104,0.0,0.0,0.0,0.0,0.0,0.0,0.0,0.0,0.0,-0.7776673449999999,8.8785682573,3.3128628897,0.63167,-0.03139,0.039990000000000005,-0.01466076571675237,0.06658431096358368,0.003970624048287101
2656.8572310006857,0.0,0.0,0.0,0.0,0.0,0.0,0.0,0.0,0.0,-0.8183453291999999,8.8989072494,3.3044880105999996,0.64027,-0.03053,0.03784,-0.006414085001079162,-0.0024434609527920616,-0.007635815477475193
2675.4022860004625,0.0,0.0,0.0,0.0,0.0,0.0,0.0,0.0,0.0,-0.8470592004,8.9228354754,3.2590243811999993,0.64027,-0.03053,0.03784,0.007941248096574201,-0.06841690667817772,-0.0119118721448613
2693.930935000026,0.0,0.0,0.0,0.0,0.0,0.0,0.0,0.0,0.0,-0.9451649269999999,8.9659062822,3.2434710343,0.6419900000000001,-0.039130000000000005,0.03698,0.006719517620178169,-0.10323622525546461,-0.01863138976503947
2712.4620840004354,0.0,0.0,0.0,0.0,0.0,0.0,0.0,0.0,0.0,-1.0420742422999998,8.9539421692,3.2338997439,0.62909,-0.03655,0.03698,-0.006414085001079162,-0.11026117549474178,-0.02107485071783153
2731.1787520002326,0.0,0.0,0.0,0.0,0.0,0.0,0.0,0.0,0.0,-1.1186445655,8.947960112699999,3.2374889777999996,0.64027,-0.03483,0.040420000000000005,-0.01832595714594046,-0.08765916168141522,-0.01466076571675237
2750.9969210004783,0.0,0.0,0.0,0.0,0.0,0.0,0.0,0.0,0.0,-1.1676974288,8.9204426528,3.2673992603,0.64027,-0.03483,0.040420000000000005,-0.024129176908821607,-0.05833763024791047,-0.07819075048934597
2769.704006000211,0.0,0.0,0.0,0.0,0.0,0.0,0.0,0.0,0.0,-1.1641081949,8.8869431364,3.2985059540999995,0.6351100000000001,-0.03827,0.043,-0.017409659288643436,-0.03298672286269283,0.01832595714594046
2788.3127580007567,0.0,0.0,0.0,0.0,0.0,0.0,0.0,0.0,0.0,-1.1401799688999998,8.956334991799999,3.2673992603,0.62909,-0.03827,0.039560000000000005,-0.025656340004316647,-0.003970624048287101,0.04276056667386108
2806.829688000107,0.0,0.0,0.0,0.0,0.0,0.0,0.0,0.0,0.0,-1.0803594039,9.0341017263,3.2063822839999996,0.62909,-0.03483,0.040420000000000005,-0.00946841119206924,0.008246680715673207,0.06444628262989062
2825.339587000599,0.0,0.0,0.0,0.0,0.0,0.0,0.0,0.0,0.0,-1.0528419439999999,9.0472622506,3.218346397,0.62909,-0.03483,0.040420000000000005,-0.01069014166846527,0.024434609527920616,0.09224065096790032
2844.0807860006316,0.0,0.0,0.0,0.0,0.0,0.0,0.0,0.0,0.0,-0.9056833541,9.0711904766,3.2745777280999997,0.63683,-0.03741,0.03827,-0.02932153143350474,0.0357356164345839,0.0919352183488013
2862.7155800004402,0.0,0.0,0.0,0.0,0.0,0.0,0.0,0.0,0.0,-0.8602197247,9.032905314999999,3.2757741393999997,0.6351100000000001,-0.046009999999999995,0.039990000000000005,-0.031764992386296806,0.02504547476611863,0.06444628262989062
2882.070993000525,0.0,0.0,0.0,0.0,0.0,0.0,0.0,0.0,0.0,-0.8374879099999999,8.914460596299998,3.3834511564,0.6325299999999999,-0.03741,0.045579999999999996,-0.027183503099811684,-0.011606439525762293,0.02290744643242558
2901.6919240002608,0.0,0.0,0.0,0.0,0.0,0.0,0.0,0.0,0.0,-0.9379864591999999,8.8271225714,3.3391839383,0.6325299999999999,-0.03741,0.045579999999999996,-0.02168571595602955,-0.05314527572322734,-0.009773843811168246
2920.33796800024,0.0,0.0,0.0,0.0,0.0,0.0,0.0,0.0,0.0,-1.0707881135,8.8821574912,3.3080772444999993,0.63425,-0.03827,0.03698,-0.015882496193148403,-0.07727445263204895,-0.030237829290801762
2938.923335000254,0.0,0.0,0.0,0.0,0.0,0.0,0.0,0.0,0.0,-1.1988041226,8.9288175319,3.3080772444999993,0.63683,-0.03225,0.03655,-0.02290744643242558,-0.07269296334556383,-0.03451388595818787
2957.471827000518,0.0,0.0,0.0,0.0,0.0,0.0,0.0,0.0,0.0,-1.256231865,9.0113699116,3.3032915992999996,0.63339,-0.03741,0.04988,-0.014355333097653362,-0.06108652381980154,-0.015577063574049392
2976.009122000505,0.0,0.0,0.0,0.0,0.0,0.0,0.0,0.0,0.0,-1.3016954943999999,9.0388873715,3.3044880105999996,0.63339,-0.03741,0.04988,0.0015271630954950385,-0.03512475119638588,0.017409659288643436
2994.606623999971,0.0,0.0,0.0,0.0,0.0,0.0,0.0,0.0,0.0,-1.2251251712,9.072386887899999,3.2877382523999996,0.64543,-0.043429999999999996,0.043,0.024434609527920616,0.0015271630954950385,0.06291911953439559
3013.218084000073,0.0,0.0,0.0,0.0,0.0,0.0,0.0,0.0,0.0,-1.0384850084,9.0975115252,3.2434710343,0.6394099999999999,-0.045149999999999996,0.05547,0.04489859500755413,0.010995574287564279,0.10170906215996957
3031.73360800065,0.0,0.0,0.0,0.0,0.0,0.0,0.0,0.0,0.0,-0.8769694829,9.0676012427,3.2841490184999995,0.6394099999999999,-0.03569,0.038700000000000005,0.04123340357836604,-0.006414085001079162,0.10415252311276162
3050.3819960003966,0.0,0.0,0.0,0.0,0.0,0.0,0.0,0.0,0.0,-0.8027919822999998,9.044869427999998,3.2482566795,0.6394099999999999,-0.03569,0.038700000000000005,0.03359758810089085,-0.04948008429403925,0.08613199858592017
3069.041945000208,0.0,0.0,0.0,0.0,0.0,0.0,0.0,0.0,0.0,-0.7537391189999999,9.044869427999998,3.3200413575,0.63081,-0.039130000000000005,0.045579999999999996,0.027488935718910694,-0.07849618310844499,0.050396382151336266
3087.569240000448,0.0,0.0,0.0,0.0,0.0,0.0,0.0,0.0,0.0,-0.7884350467,9.0711904766,3.3750762772999994,0.63081,-0.039990000000000005,0.038700000000000005,0.024129176908821607,-0.12034045192500903,0.0036651914291880926
3106.0790870005803,0.0,0.0,0.0,0.0,0.0,0.0,0.0,0.0,0.0,-0.8398807326,9.081958178299999,3.4061829710999993,0.62479,-0.047729999999999995,0.046439999999999995,0.03787364476827696,-0.17226399717184035,-0.038789942625573975
3124.637683000401,0.0,0.0,0.0,0.0,0.0,0.0,0.0,0.0,0.0,-0.9511469834999998,9.072386887899999,3.4348968423,0.62479,-0.047729999999999995,0.046439999999999995,0.04245513405476207,-0.21135937241651334,-0.051007247389534285
3143.148884000766,0.0,0.0,0.0,0.0,0.0,0.0,0.0,0.0,0.0,-1.0767701699999999,9.0915294687,3.4911281733999995,0.64027,-0.041710000000000004,0.043,0.03726277953007894,-0.2446515278983052,-0.028710666195306725
3161.6279500003657,0.0,0.0,0.0,0.0,0.0,0.0,0.0,0.0,0.0,-1.2406785180999997,9.098707936499999,3.5174492219999998,0.6351100000000001,-0.03569,0.038700000000000005,0.05742133239061345,-0.237321145039929,0.029932396671702752
3180.248317000405,0.0,0.0,0.0,0.0,0.0,0.0,0.0,0.0,0.0,-0.9308079913999999,9.0436730167,3.5497523270999993,0.62909,-0.039990000000000005,0.03268,0.09621127501618743,-0.16187928812247407,0.1356120828799594
3198.81941299991,0.0,0.0,0.0,0.0,0.0,0.0,0.0,0.0,0.0,-1.0253244841,9.165706969299999,3.457628657,0.62909,-0.039990000000000005,0.03268,0.14599679192932566,-0.14355333097653364,0.1792889474111175
3217.3339990004024,0.0,0.0,0.0,0.0,0.0,0.0,0.0,0.0,0.0,-1.0157531937,9.285348099299998,3.3774690999,0.63167,-0.03827,0.03311,0.2073887483682262,-0.18325957145940464,0.23701571242082997
3235.767752999891,0.0,0.0,0.0,0.0,0.0,0.0,0.0,0.0,0.0,-1.0947163395,9.432506689199998,3.4229327292999994,0.62221,-0.039130000000000005,0.02881,0.23976460599272104,-0.10415252311276162,0.33811390934260155
3254.2815580000024,0.0,0.0,0.0,0.0,0.0,0.0,0.0,0.0,0.0,-1.1258230332999999,9.0305124924,3.5557343836,0.6256499999999999,-0.039990000000000005,0.02795,0.21227567027381036,0.04123340357836604,0.4056145181634822
3272.726249000698,0.0,0.0,0.0,0.0,0.0,0.0,0.0,0.0,0.0,-1.2574282763,8.915657007599998,3.6430724084999997,0.6256499999999999,-0.039990000000000005,0.02795,0.1545489052640979,0.17501289074373141,0.47067166603157085
3291.2491170000067,0.0,0.0,0.0,0.0,0.0,0.0,0.0,0.0,0.0,-1.5182459396999997,9.229116768199999,3.8009987000999996,0.63081,-0.044289999999999996,0.03182,0.15577063574049393,0.31398473243377995,0.556498231998392
3309.7524530003284,0.0,0.0,0.0,0.0,0.0,0.0,0.0,0.0,0.0,-1.9226329591,9.426524632699998,3.9936209193999996,0.62737,-0.040850000000000004,0.0344,0.1395827069282465,0.5497787143782139,0.6820310384480841
3328.345268000703,0.0,0.0,0.0,0.0,0.0,0.0,0.0,0.0,0.0,-2.3880369548,9.6406822554,4.4829531411,0.6187699999999999,-0.05547,0.03827,0.062002821677098564,0.877813347290548,0.8301658587111029
3347.3749540007702,0.0,0.0,0.0,0.0,0.0,0.0,0.0,0.0,0.0,-2.5806591741,10.0534441539,4.8083770147,0.6187699999999999,-0.05547,0.03827,-0.13591751549905842,1.2935071418842976,0.9966266361200622
3366.5805770006045,0.0,0.0,0.0,0.0,0.0,0.0,0.0,0.0,0.0,-2.3736800192,10.648060569999998,5.176871695099999,0.6118899999999999,-0.06321,0.046439999999999995,-0.27885998123739403,1.620014611701137,1.1917980797243282
3385.6308360000185,0.0,0.0,0.0,0.0,0.0,0.0,0.0,0.0,0.0,-1.9118652573999997,11.026126540799998,5.057230565099999,0.6230699999999999,-0.06751,0.05891,-0.2962696405260375,1.8469510476916995,1.4098769697610194
3404.7643750000134,0.0,0.0,0.0,0.0,0.0,0.0,0.0,0.0,0.0,-1.9310078382,11.131410735199998,5.181657340299998,0.62221,-0.07611,0.06578999999999999,-0.2528982086139784,2.0815232991597377,1.588860484553038
3423.9132790007716,0.0,0.0,0.0,0.0,0.0,0.0,0.0,0.0,0.0,-2.0997018315,11.642278360299999,5.2654061313,0.62221,-0.07611,0.06578999999999999,-0.20525072003453318,2.4749205125592595,1.6798794050445425
3442.900101000305,0.0,0.0,0.0,0.0,0.0,0.0,0.0,0.0,0.0,-1.5768700934,11.649456828099998,5.1421757674,0.61103,-0.08299,0.07955,-0.09407324668249437,2.8585438821476132,1.7174476171937203
3462.108172000626,0.0,0.0,0.0,0.0,0.0,0.0,0.0,0.0,0.0,-0.8327022647999999,10.7724873452,5.2917271799,0.59985,-0.09675,0.11094,0.07208209810736582,3.0363056664632357,1.6945401707612946
3481.4538970003923,0.0,0.0,0.0,0.0,0.0,0.0,0.0,0.0,0.0,-0.2883351233,10.0438728635,5.0488556860000005,0.59211,-0.10535,0.1204,0.2412917690882161,2.9162706471573254,1.5268576628759394
3500.684727000589,0.0,0.0,0.0,0.0,0.0,0.0,0.0,0.0,0.0,-0.0382851616,9.439685156999998,4.7258246349999995,0.59211,-0.10535,0.1204,0.32375857624494814,2.514321320423031,1.1811079380558627
3519.7962360007296,0.0,0.0,0.0,0.0,0.0,0.0,0.0,0.0,0.0,0.0681954441,8.3557365192,4.7796631435,0.58953,-0.11137000000000001,0.15308,0.3014619950507206,2.0100520662905694,0.7614435194138262
3539.0100350005014,0.0,0.0,0.0,0.0,0.0,0.0,0.0,0.0,0.0,0.23808584869999996,7.288537639599999,4.582255279,0.56889,-0.11481,0.1505,0.2211332162276816,1.3662001052298614,0.4034764898297892
3558.0629510004655,0.0,0.0,0.0,0.0,0.0,0.0,0.0,0.0,0.0,0.33858439789999994,6.795616184,4.4901316089,0.57577,-0.12082999999999999,0.15308,0.1423316005001376,0.6337726846304409,0.08093964406123703
3577.2370630002115,0.0,0.0,0.0,0.0,0.0,0.0,0.0,0.0,0.0,-0.7250252477999999,6.6951176348,4.920839676899999,0.57577,-0.12082999999999999,0.15006999999999998,0.05833763024791047,0.11789699097221698,-0.2733621940936119
3596.306123999966,0.0,0.0,0.0,0.0,0.0,0.0,0.0,0.0,0.0,-1.4979069475999998,6.597011908199999,5.3371908093,0.5749099999999999,-0.11739,0.15006999999999998,0.0552833040569204,0.010995574287564279,-0.5830708698600058
3615.4536730000473,0.0,0.0,0.0,0.0,0.0,0.0,0.0,0.0,0.0,-1.9525432415999997,5.9198431124,4.5655055207999995,0.57835,-0.12254999999999999,0.15222,-0.05009094953223726,0.08735372906231621,-0.7993171641821032
3634.5247140006904,0.0,0.0,0.0,0.0,0.0,0.0,0.0,0.0,0.0,-2.045863323,5.7774701677,4.478167495899999,0.58523,-0.10707,0.14749,-0.03298672286269283,0.158519529312385,-0.9282097294418844
3653.50762900016,0.0,0.0,0.0,0.0,0.0,0.0,0.0,0.0,0.0,-2.1499511061,6.089733516999999,4.874179636199999,0.58007,-0.10449,0.14921,0.07727445263204895,0.15210544431130585,-1.0613783513690518
3672.725179000736,0.0,0.0,0.0,0.0,0.0,0.0,0.0,0.0,0.0,-2.6081766339999994,6.045466298899999,4.6743789491,0.58007,-0.10449,0.14921,0.11331550168573186,0.15485433788319689,-1.2455542206857535
3691.7803860005733,0.0,0.0,0.0,0.0,0.0,0.0,0.0,0.0,0.0,-2.6620151424999996,6.0155560164,5.0620162103,0.59727,-0.09503,0.1505,0.1740965928864344,0.23060162741975082,-1.3258829995087924
3710.9793930003434,0.0,0.0,0.0,0.0,0.0,0.0,0.0,0.0,0.0,-2.5363919559999997,6.128018678599999,5.0021956453000005,0.60673,-0.08901,0.15308,0.3701843343479973,0.2886338250485623,-1.3729196228500395
3730.0669440001,0.0,0.0,0.0,0.0,0.0,0.0,0.0,0.0,0.0,-2.5064816734999997,6.065805290999999,4.734199514099999,0.60673,-0.08299,0.15136,0.5787948131926196,0.2614503219487506,-1.3579534245141882
3749.290899000698,0.0,0.0,0.0,0.0,0.0,0.0,0.0,0.0,0.0,-2.4825534474999995,6.2105710583,4.643272255299999,0.60673,-0.08299,0.15136,0.8170322560898456,0.11117747335203881,-1.3350459780817627
3768.4171470000365,0.0,0.0,0.0,0.0,0.0,0.0,0.0,0.0,0.0,-2.7457639335,6.6699929975,4.3633120111,0.61017,-0.07697,0.14921,1.111469300901289,-0.08093964406123703,-1.341460063082842
3787.5665199999276,0.0,0.0,0.0,0.0,0.0,0.0,0.0,0.0,0.0,-3.0699913958,7.2801627605,4.2221354777,0.62479,-0.06751,0.1419,1.3530665026086042,-0.2339613862298399,-1.305724446648258
3806.5584980004132,0.0,0.0,0.0,0.0,0.0,0.0,0.0,0.0,0.0,-2.847458894,7.044469734399999,3.8787654345999996,0.62479,-0.06321,0.15350999999999998,1.4532484016730787,-0.13133602621257331,-1.1481212151931701
3825.7089650005582,0.0,0.0,0.0,0.0,0.0,0.0,0.0,0.0,0.0,-2.6237299809,6.751348965899999,3.7124642638999994,0.62479,-0.06321,0.15350999999999998,1.35123390689401,-0.06475171524898964,-0.8521570072862314
3844.81464000055,0.0,0.0,0.0,0.0,0.0,0.0,0.0,0.0,0.0,-2.6261228035,7.2729842926999995,3.8153556357,0.6230699999999999,-0.045149999999999996,0.12857,1.0271698980299628,0.01466076571675237,-0.5247332396120952
